archivo_pdf,empresa,nro_documento,total_a_pagar,id_cliente,fecha_emision,fecha_vencimiento,consumo_periodo,estado
ARGOMEDO_AGUAS_ANDINAS_CALDERA_201907.pdf,Aguas Andinas,,947400,2392497-8,02-JUL-2019,26-JUL-2019,1090.00400073 m3,PARCIAL
ARGOMEDO_AGUAS_ANDINAS_CALDERA_201908.pdf,Aguas Andinas,,1055110,2392497-8,02-AGO-2019,27-AGO-2019,1214.00445586 m3,PARCIAL
ARGOMEDO_AGUAS_ANDINAS_CALDERA_201909.pdf,Aguas Andinas,,993440,2392497-8,02-SEP-2019,25-SEP-2019,1143.00419526 m3,PARCIAL
ARGOMEDO_AGUAS_ANDINAS_CALDERA_201910.pdf,Aguas Andinas,,846650,2392497-8,02-OCT-2019,24-OCT-2019,974.00357496 m3,PARCIAL
ARGOMEDO_AGUAS_ANDINAS_CALDERA_201911.pdf,Aguas Andinas,,848390,2392497-8,02-NOV-2019,25-NOV-2019,976.00358231 m3,PARCIAL
ARGOMEDO_AGUAS_ANDINAS_CALDERA_201912.pdf,Aguas Andinas,,668590,2392497-8,03-DIC-2019,26-DIC-2019,769.00282253 m3,PARCIAL
ARGOMEDO_AGUAS_ANDINAS_CALDERA_202001.pdf,Aguas Andinas,,631240,2392497-8,02-ENE-2020,24-ENE-2020,726 m3,PARCIAL
ARGOMEDO_AGUAS_ANDINAS_CALDERA_202002.pdf,Aguas Andinas,,561860,2392497-8,02-FEB-2020,25-FEB-2020,627.00236999 m3,PARCIAL
ARGOMEDO_AGUAS_ANDINAS_CALDERA_202003.pdf,Aguas Andinas,,529640,2392497-8,02-MAR-2020,24-MAR-2020,591.00223392 m3,PARCIAL
ARGOMEDO_AGUAS_ANDINAS_CALDERA_202004.pdf,Aguas Andinas,,616070,2392497-8,02-ABR-2020,23-ABR-2020,685.00258923 m3,PARCIAL
ARGOMEDO_AGUAS_ANDINAS_CALDERA_202005.pdf,Aguas Andinas,,654070,2392497-8,03-MAY-2020,25-MAY-2020,729.00275554 m3,PARCIAL
ARGOMEDO_AGUAS_ANDINAS_CALDERA_202006.pdf,Aguas Andinas,,868850,2392497-8,02-JUN-2020,23-JUN-2020,970 m3,PARCIAL
ARGOMEDO_AGUAS_ANDINAS_CALDERA_202007.pdf,Aguas Andinas,,842900,2392497-8,02-JUL-2020,24-JUL-2020,941.00355688 m3,PARCIAL
ARGOMEDO_AGUAS_ANDINAS_CALDERA_202008.pdf,Aguas Andinas,,858120,2392497-8,02-AGO-2020,24-AGO-2020,958.00362114 m3,PARCIAL
ARGOMEDO_AGUAS_ANDINAS_CALDERA_202009.pdf,Aguas Andinas,,933300,2392497-8,02-SEP-2020,24-SEP-2020,1042.00393865 m3,PARCIAL
ARGOMEDO_AGUAS_ANDINAS_CALDERA_202010.pdf,Aguas Andinas,,881180,2392497-8,02-OCT-2020,26-OCT-2020,983.00371564 m3,PARCIAL
ARGOMEDO_AGUAS_ANDINAS_CALDERA_202011.pdf,Aguas Andinas,,837530,2392497-8,03-NOV-2020,24-NOV-2020,935.00353420 m3,PARCIAL
ARGOMEDO_AGUAS_ANDINAS_CALDERA_202012.pdf,Aguas Andinas,,660319,2392497-8,03-DIC-2020,24-DIC-2020,737.00278578 m3,PARCIAL
ARGOMEDO_AGUAS_ANDINAS_CALDERA_202101.pdf,Aguas Andinas,,604112,2392497-8,02-ENE-2021,25-ENE-2021,675 m3,PARCIAL
ARGOMEDO_AGUAS_ANDINAS_CALDERA_202102.pdf,Aguas Andinas,,552763,2392497-8,02-FEB-2021,23-FEB-2021,634.00251691 m3,PARCIAL
ARGOMEDO_AGUAS_ANDINAS_CALDERA_202103.pdf,Aguas Andinas,,589809,2392497-8,03-MAR-2021,24-MAR-2021,659.00261616 m3,PARCIAL
ARGOMEDO_AGUAS_ANDINAS_CALDERA_202104.pdf,Aguas Andinas,,676437,2392497-8,02-ABR-2021,26-ABR-2021,737.00300157 m3,PARCIAL
ARGOMEDO_AGUAS_ANDINAS_CALDERA_202105.pdf,Aguas Andinas,,804803,2392497-8,03-MAY-2021,25-MAY-2021,877 m3,PARCIAL
ARGOMEDO_AGUAS_ANDINAS_CALDERA_202106.pdf,Aguas Andinas,,959599,2392497-8,03-JUN-2021,23-JUN-2021,1041.27424078 m3,PARCIAL
ARGOMEDO_AGUAS_ANDINAS_CALDERA_202107.pdf,Aguas Andinas,,952664,2392497-8,03-JUL-2021,26-JUL-2021,1033.74421011 m3,PARCIAL
ARGOMEDO_AGUAS_ANDINAS_CALDERA_202108.pdf,Aguas Andinas,,1098679,2392497-8,04-AGO-2021,25-AGO-2021,1188.99484239 m3,PARCIAL
ARGOMEDO_AGUAS_ANDINAS_CALDERA_202109.pdf,Aguas Andinas,,1073789,2392497-8,03-SEP-2021,24-SEP-2021,1125.07473463 m3,PARCIAL
ARGOMEDO_AGUAS_ANDINAS_CALDERA_202110.pdf,Aguas Andinas,,990408,2392497-8,04-OCT-2021,25-OCT-2021,1037.65436674 m3,PARCIAL
ARGOMEDO_AGUAS_ANDINAS_CALDERA_202111.pdf,Aguas Andinas,,879452,2392497-8,03-NOV-2021,24-NOV-2021,921.32387719 m3,PARCIAL
ARGOMEDO_AGUAS_ANDINAS_CALDERA_202112.pdf,Aguas Andinas,,926432,2392497-8,03-DIC-2021,24-DIC-2021,934.00407943 m3,PARCIAL
ARGOMEDO_AGUAS_ANDINAS_CALDERA_202201.pdf,Aguas Andinas,,888242,2392497-8,02-ENE-2022,25-ENE-2022,89547 m3,PARCIAL
ARGOMEDO_AGUAS_ANDINAS_CALDERA_202202.pdf,Aguas Andinas,,734400,2392497-8,03-FEB-2022,23-FEB-2022,740.25323318 m3,PARCIAL
ARGOMEDO_AGUAS_ANDINAS_CALDERA_202203.pdf,Aguas Andinas,,783474,2392497-8,02-MAR-2022,23-MAR-2022,756.88344410 m3,PARCIAL
ARGOMEDO_AGUAS_ANDINAS_CALDERA_202204.pdf,Aguas Andinas,,876631,2392497-8,02-ABR-2022,25-ABR-2022,846.96385400 m3,PARCIAL
ARGOMEDO_AGUAS_ANDINAS_CALDERA_202205.pdf,Aguas Andinas,,1109976,2392497-8,03-MAY-2022,25-MAY-2022,10654 m3,PARCIAL
ARGOMEDO_AGUAS_ANDINAS_CALDERA_202206.pdf,Aguas Andinas,,1180619,2392497-8,03-JUN-2022,23-JUN-2022,1098.76515834 m3,PARCIAL
ARGOMEDO_AGUAS_ANDINAS_CALDERA_202207.pdf,Aguas Andinas,,1292235,2392497-8,04-JUL-2022,25-JUL-2022,1201.86564237 m3,PARCIAL
ARGOMEDO_AGUAS_ANDINAS_CALDERA_202208.pdf,Aguas Andinas,,1330039,2392497-8,03-AGO-2022,25-AGO-2022,1190.84580070 m3,PARCIAL
ARGOMEDO_AGUAS_ANDINAS_CALDERA_202209.pdf,Aguas Andinas,,1211529,2392497-8,03-SEP-2022,26-SEP-2022,108467 m3,PARCIAL
ARGOMEDO_AGUAS_ANDINAS_CALDERA_202210.pdf,Aguas Andinas,,1212465,2392497-8,03-OCT-2022,24-OCT-2022,104435 m3,PARCIAL
ARGOMEDO_AGUAS_ANDINAS_CALDERA_202211.pdf,Aguas Andinas,,4,2392497-8,03-NOV-2022,24-NOV-2022,90045 m3,PARCIAL
ARGOMEDO_AGUAS_ANDINAS_CALDERA_202212.pdf,Aguas Andinas,,1171871,2392497-8,02-DIC-2022,26-DIC-2022,100936 m3,PARCIAL
ARGOMEDO_AGUAS_ANDINAS_CALDERA_202301.pdf,Aguas Andinas,,947663,2392497-8,02-ENE-2023,25-ENE-2023,8106 m3,PARCIAL
ARGOMEDO_AGUAS_ANDINAS_CALDERA_202302.pdf,Aguas Andinas,,1097936,2392497-8,02-FEB-2023,22-FEB-2023,93485 m3,PARCIAL
ARGOMEDO_AGUAS_ANDINAS_CALDERA_202303.pdf,Aguas Andinas,,823635,2392497-8,03-MAR-2023,27-MAR-2023,69321 m3,PARCIAL
ARGOMEDO_AGUAS_ANDINAS_CALDERA_202304.pdf,Aguas Andinas,,935350,2392497-8,02-ABR-2023,24-ABR-2023,78733 m3,PARCIAL
ARGOMEDO_AGUAS_ANDINAS_CALDERA_202305.pdf,Aguas Andinas,,1260915,2392497-8,03-MAY-2023,25-MAY-2023,106162 m3,PARCIAL
ARGOMEDO_AGUAS_ANDINAS_CALDERA_202306.pdf,Aguas Andinas,,1195859,2392497-8,02-JUN-2023,23-JUN-2023,100681 m3,PARCIAL
ARGOMEDO_AGUAS_ANDINAS_CALDERA_202307.pdf,Aguas Andinas,,1468856,2392497-8,03-JUL-2023,25-JUL-2023,123681 m3,PARCIAL
ARGOMEDO_AGUAS_ANDINAS_CALDERA_202308.pdf,Aguas Andinas,,1508773,2392497-8,02-AGO-2023,24-AGO-2023,127044 m3,PARCIAL
ARGOMEDO_AGUAS_ANDINAS_CALDERA_202309.pdf,Aguas Andinas,,1400607,2392497-8,02-SEP-2023,25-SEP-2023,117931 m3,PARCIAL
ARGOMEDO_AGUAS_ANDINAS_CALDERA_202310.pdf,Aguas Andinas,,1455740,2392497-8,03-OCT-2023,24-OCT-2023,122576 m3,PARCIAL
ARGOMEDO_AGUAS_ANDINAS_CALDERA_202311.pdf,Aguas Andinas,,1317474,2392497-8,03-NOV-2023,24-NOV-2023,110927 m3,PARCIAL
ARGOMEDO_AGUAS_ANDINAS_CALDERA_202312.pdf,Aguas Andinas,,648170,1896694-8,02-DIC-2023,22-DIC-2023,54538 m3,PARCIAL
ARGOMEDO_AGUAS_ANDINAS_CALDERA_202401.pdf,Aguas Andinas,,1080725,2392497-8,02-ENE-2024,23-ENE-2024,90981 m3,PARCIAL
ARGOMEDO_AGUAS_ANDINAS_CALDERA_202402.pdf,Aguas Andinas,,,2392497-8,02-FEB-2024,22-FEB-2024,83625 m3,PARCIAL
ARGOMEDO_AGUAS_ANDINAS_CALDERA_202403.pdf,Aguas Andinas,,440484,1896694-8,02-MAR-2024,21-MAR-2024,36445 m3,PARCIAL
ARGOMEDO_AGUAS_ANDINAS_CALDERA_202404.pdf,Aguas Andinas,,5,2392497-8,02-ABR-2024,20-ABR-2024,86976 m3,PARCIAL
ARGOMEDO_AGUAS_ANDINAS_CALDERA_202405.pdf,Aguas Andinas,,1244885,2392497-8,02-MAY-2024,22-MAY-2024,103131 m3,PARCIAL
ARGOMEDO_AGUAS_ANDINAS_CALDERA_202406.pdf,Aguas Andinas,,1313581,2392497-8,02-JUN-2024,21-JUN-2024,108826 m3,PARCIAL
ARGOMEDO_AGUAS_ANDINAS_CALDERA_202407.pdf,Aguas Andinas,,1668580,2392497-8,02-JUL-2024,22-JUL-2024,138256 m3,PARCIAL
ARGOMEDO_AGUAS_ANDINAS_CALDERA_202408.pdf,Aguas Andinas,,1767685,2392497-8,02-AGO-2024,21-AGO-2024,146472 m3,PARCIAL
ARGOMEDO_AGUAS_ANDINAS_CALDERA_202409.pdf,Aguas Andinas,,1515253,2392497-8,02-SEP-2024,21-SEP-2024,125545 m3,PARCIAL
ARGOMEDO_AGUAS_ANDINAS_CALDERA_202410.pdf,Aguas Andinas,,1525274,2392497-8,02-OCT-2024,22-OCT-2024,122463 m3,PARCIAL
ARGOMEDO_AGUAS_ANDINAS_CALDERA_202411.pdf,Aguas Andinas,,1320670,2392497-8,02-NOV-2024,21-NOV-2024,106026 m3,PARCIAL
ARGOMEDO_AGUAS_ANDINAS_CALDERA_202412.pdf,Aguas Andinas,,1553355,2392497-8,02-DIC-2024,21-DIC-2024,124719 m3,PARCIAL
ARGOMEDO_AGUAS_ANDINAS_CALDERA_202501.pdf,Aguas Andinas,,1062629,2392497-8,02-ENE-2025,22-ENE-2025,85296 m3,PARCIAL
ARGOMEDO_AGUAS_ANDINAS_CALDERA_202502.pdf,Aguas Andinas,,1,2392497-8,02-FEB-2025,20-FEB-2025,97703 m3,PARCIAL
ARGOMEDO_AGUAS_ANDINAS_CALDERA_202503.pdf,Aguas Andinas,,973777,2392497-8,03-MAR-2025,21-MAR-2025,78158 m3,PARCIAL
ARGOMEDO_AGUAS_ANDINAS_CALDERA_202504.pdf,Aguas Andinas,,1431953,2392497-8,02-ABR-2025,22-ABR-2025,114966 m3,PARCIAL
ARGOMEDO_AGUAS_ANDINAS_CALDERA_202505.pdf,Aguas Andinas,,1167712,2392497-8,02-MAY-2025,22-MAY-2025,93738 m3,PARCIAL
ARGOMEDO_AGUAS_ANDINAS_CALDERA_202506.pdf,Aguas Andinas,,1717690,2392497-8,02-JUN-2025,21-JUN-2025,137921 m3,PARCIAL
ARGOMEDO_AGUAS_ANDINAS_CALDERA_202507.pdf,Aguas Andinas,,1472789,2392497-8,02-JUL-2025,22-JUL-2025,1152.79 m3,PARCIAL
ARGOMEDO_AGUAS_ANDINAS_CALDERA_202508.pdf,Aguas Andinas,,1745742,2392497-8,02-AGO-2025,21-AGO-2025,1366.57 m3,PARCIAL
ARGOMEDO_AGUAS_ANDINAS_OFICINA_202008.pdf,Aguas Andinas,,680,2392231-2,02-AGO-2020,24-AGO-2020,0 m3,PARCIAL
ARGOMEDO_AGUAS_ANDINAS_OFICINA_202009.pdf,Aguas Andinas,,680,2392231-2,02-SEP-2020,24-SEP-2020,0 m3,PARCIAL
ARGOMEDO_AGUAS_ANDINAS_OFICINA_202010.pdf,Aguas Andinas,,680,2392231-2,02-OCT-2020,26-OCT-2020,0 m3,PARCIAL
ARGOMEDO_AGUAS_ANDINAS_OFICINA_202011.pdf,Aguas Andinas,,680,2392231-2,03-NOV-2020,24-NOV-2020,0 m3,PARCIAL
ARGOMEDO_AGUAS_ANDINAS_OFICINA_202012.pdf,Aguas Andinas,,683,2392231-2,03-DIC-2020,24-DIC-2020,0 m3,PARCIAL
ARGOMEDO_AGUAS_ANDINAS_OFICINA_202101.pdf,Aguas Andinas,,664,2392231-2,02-ENE-2021,25-ENE-2021,0 m3,PARCIAL
ARGOMEDO_AGUAS_ANDINAS_OFICINA_202102.pdf,Aguas Andinas,,492,2392231-2,02-FEB-2021,23-FEB-2021,0 m3,PARCIAL
ARGOMEDO_AGUAS_ANDINAS_OFICINA_202103.pdf,Aguas Andinas,,664,2392231-2,03-MAR-2021,24-MAR-2021,0 m3,PARCIAL
ARGOMEDO_AGUAS_ANDINAS_OFICINA_202104.pdf,Aguas Andinas,,684,2392231-2,02-ABR-2021,26-ABR-2021,0 m3,PARCIAL
ARGOMEDO_AGUAS_ANDINAS_OFICINA_202105.pdf,Aguas Andinas,,684,2392231-2,03-MAY-2021,25-MAY-2021,0 m3,PARCIAL
ARGOMEDO_AGUAS_ANDINAS_OFICINA_202106.pdf,Aguas Andinas,,684,2392231-2,03-JUN-2021,23-JUN-2021,0 m3,PARCIAL
ARGOMEDO_AGUAS_ANDINAS_OFICINA_202107.pdf,Aguas Andinas,,684,2392231-2,03-JUL-2021,26-JUL-2021,0 m3,PARCIAL
ARGOMEDO_AGUAS_ANDINAS_OFICINA_202108.pdf,Aguas Andinas,,684,2392231-2,04-AGO-2021,25-AGO-2021,0 m3,PARCIAL
ARGOMEDO_AGUAS_ANDINAS_OFICINA_202109.pdf,Aguas Andinas,,698,2392231-2,03-SEP-2021,24-SEP-2021,0 m3,PARCIAL
ARGOMEDO_AGUAS_ANDINAS_OFICINA_202110.pdf,Aguas Andinas,,698,2392231-2,04-OCT-2021,25-OCT-2021,0 m3,PARCIAL
ARGOMEDO_AGUAS_ANDINAS_OFICINA_202111.pdf,Aguas Andinas,,698,2392231-2,03-NOV-2021,24-NOV-2021,0 m3,PARCIAL
ARGOMEDO_AGUAS_ANDINAS_OFICINA_202112.pdf,Aguas Andinas,,718,2392231-2,03-DIC-2021,24-DIC-2021,0 m3,PARCIAL
ARGOMEDO_AGUAS_ANDINAS_OFICINA_202201.pdf,Aguas Andinas,,718,2392231-2,02-ENE-2022,25-ENE-2022,0 m3,PARCIAL
ARGOMEDO_AGUAS_ANDINAS_OFICINA_202202.pdf,Aguas Andinas,,718,2392231-2,03-FEB-2022,23-FEB-2022,0 m3,PARCIAL
ARGOMEDO_AGUAS_ANDINAS_OFICINA_202203.pdf,Aguas Andinas,,741,2392231-2,02-MAR-2022,23-MAR-2022,0 m3,PARCIAL
ARGOMEDO_AGUAS_ANDINAS_OFICINA_202204.pdf,Aguas Andinas,,741,2392231-2,02-ABR-2022,25-ABR-2022,0 m3,PARCIAL
ARGOMEDO_AGUAS_ANDINAS_OFICINA_202205.pdf,Aguas Andinas,,741,2392231-2,03-MAY-2022,25-MAY-2022,0 m3,PARCIAL
ARGOMEDO_AGUAS_ANDINAS_OFICINA_202206.pdf,Aguas Andinas,,7841,2392231-2,03-JUN-2022,23-JUN-2022,6.593093 m3,PARCIAL
ARGOMEDO_AGUAS_ANDINAS_OFICINA_202207.pdf,Aguas Andinas,,4331,2392231-2,04-JUL-2022,25-JUL-2022,3.321558 m3,PARCIAL
ARGOMEDO_AGUAS_ANDINAS_OFICINA_202208.pdf,Aguas Andinas,,2015,2392231-2,03-AGO-2022,25-AGO-2022,1.10535 m3,PARCIAL
ARGOMEDO_AGUAS_ANDINAS_OFICINA_202209.pdf,Aguas Andinas,,4583,2392231-2,03-SEP-2022,26-SEP-2022,34 m3,PARCIAL
ARGOMEDO_AGUAS_ANDINAS_OFICINA_202210.pdf,Aguas Andinas,,3433,2392231-2,03-OCT-2022,24-OCT-2022,226 m3,PARCIAL
ARGOMEDO_AGUAS_ANDINAS_OFICINA_202211.pdf,Aguas Andinas,,6019,2392231-2,03-NOV-2022,24-NOV-2022,449 m3,PARCIAL
ARGOMEDO_AGUAS_ANDINAS_OFICINA_202212.pdf,Aguas Andinas,,6229,2392231-2,02-DIC-2022,26-DIC-2022,467 m3,PARCIAL
ARGOMEDO_AGUAS_ANDINAS_OFICINA_202301.pdf,Aguas Andinas,,8145,2392231-2,02-ENE-2023,25-ENE-2023,628 m3,PARCIAL
ARGOMEDO_AGUAS_ANDINAS_OFICINA_202302.pdf,Aguas Andinas,,1,2392231-2,02-FEB-2023,22-FEB-2023,1149 m3,PARCIAL
ARGOMEDO_AGUAS_ANDINAS_OFICINA_202303.pdf,Aguas Andinas,,12778,2392231-2,03-MAR-2023,27-MAR-2023,1006 m3,PARCIAL
ARGOMEDO_AGUAS_ANDINAS_OFICINA_202304.pdf,Aguas Andinas,,11246,2392231-2,02-ABR-2023,24-ABR-2023,877 m3,PARCIAL
ARGOMEDO_AGUAS_ANDINAS_OFICINA_202305.pdf,Aguas Andinas,,12669,2392231-2,03-MAY-2023,25-MAY-2023,997 m3,PARCIAL
ARGOMEDO_AGUAS_ANDINAS_OFICINA_202306.pdf,Aguas Andinas,,5928,2392231-2,02-JUN-2023,23-JUN-2023,429 m3,PARCIAL
ARGOMEDO_AGUAS_ANDINAS_OFICINA_202307.pdf,Aguas Andinas,,7294,2392231-2,03-JUL-2023,25-JUL-2023,544 m3,PARCIAL
ARGOMEDO_AGUAS_ANDINAS_OFICINA_202308.pdf,Aguas Andinas,,4765,2392231-2,02-AGO-2023,24-AGO-2023,331 m3,PARCIAL
ARGOMEDO_AGUAS_ANDINAS_OFICINA_202309.pdf,Aguas Andinas,,3306,2392231-2,02-SEP-2023,25-SEP-2023,208 m3,PARCIAL
ARGOMEDO_AGUAS_ANDINAS_OFICINA_202310.pdf,Aguas Andinas,,2154,2392231-2,03-OCT-2023,24-OCT-2023,111 m3,PARCIAL
ARGOMEDO_AGUAS_ANDINAS_OFICINA_202311.pdf,Aguas Andinas,,4777,2392231-2,03-NOV-2023,24-NOV-2023,332 m3,PARCIAL
ARGOMEDO_AGUAS_ANDINAS_OFICINA_202312.pdf,Aguas Andinas,,3828,2392231-2,02-DIC-2023,22-DIC-2023,252 m3,PARCIAL
ARGOMEDO_AGUAS_ANDINAS_OFICINA_202401.pdf,Aguas Andinas,,5727,2392231-2,02-ENE-2024,23-ENE-2024,412 m3,PARCIAL
ARGOMEDO_AGUAS_ANDINAS_OFICINA_202402.pdf,Aguas Andinas,,9250,2392231-2,02-FEB-2024,22-FEB-2024,695 m3,PARCIAL
ARGOMEDO_AGUAS_ANDINAS_OFICINA_202403.pdf,Aguas Andinas,,9033,1896539-9,02-MAR-2024,21-MAR-2024,677 m3,PARCIAL
ARGOMEDO_AGUAS_ANDINAS_OFICINA_202404.pdf,Aguas Andinas,,10854,2392231-2,02-MAY-2024,22-MAY-2024,828 m3,PARCIAL
ARGOMEDO_AGUAS_ANDINAS_OFICINA_202405.pdf,Aguas Andinas,,10854,2392231-2,02-MAY-2024,22-MAY-2024,828 m3,PARCIAL
ARGOMEDO_AGUAS_ANDINAS_OFICINA_202406.pdf,Aguas Andinas,,3654,2392231-2,02-JUN-2024,21-JUN-2024,231 m3,PARCIAL
ARGOMEDO_AGUAS_ANDINAS_OFICINA_202407.pdf,Aguas Andinas,,3665,2392231-2,02-JUL-2024,22-JUL-2024,232 m3,PARCIAL
ARGOMEDO_AGUAS_ANDINAS_OFICINA_202408.pdf,Aguas Andinas,,4980,2392231-2,02-AGO-2024,21-AGO-2024,341 m3,PARCIAL
ARGOMEDO_AGUAS_ANDINAS_OFICINA_202409.pdf,Aguas Andinas,,3581,2392231-2,02-SEP-2024,21-SEP-2024,225 m3,PARCIAL
ARGOMEDO_AGUAS_ANDINAS_OFICINA_202410.pdf,Aguas Andinas,,5148,2392231-2,02-OCT-2024,22-OCT-2024,342 m3,PARCIAL
ARGOMEDO_AGUAS_ANDINAS_OFICINA_202411.pdf,Aguas Andinas,,5023,2392231-2,02-NOV-2024,21-NOV-2024,332 m3,PARCIAL
ARGOMEDO_AGUAS_ANDINAS_OFICINA_202412.pdf,Aguas Andinas,,6567,2392231-2,02-DIC-2024,21-DIC-2024,456 m3,PARCIAL
ARGOMEDO_AGUAS_ANDINAS_OFICINA_202501.pdf,Aguas Andinas,,5993,2392231-2,02-ENE-2025,22-ENE-2025,41 m3,PARCIAL
ARGOMEDO_AGUAS_ANDINAS_OFICINA_202502.pdf,Aguas Andinas,,12143,2392231-2,02-FEB-2025,20-FEB-2025,904 m3,PARCIAL
ARGOMEDO_AGUAS_ANDINAS_OFICINA_202503.pdf,Aguas Andinas,,11223,2392231-2,03-MAR-2025,21-MAR-2025,83 m3,PARCIAL
ARGOMEDO_AGUAS_ANDINAS_OFICINA_202504.pdf,Aguas Andinas,,13425,2392231-2,02-ABR-2025,22-ABR-2025,1007 m3,PARCIAL
ARGOMEDO_AGUAS_ANDINAS_OFICINA_202505.pdf,Aguas Andinas,,8072,2392231-2,02-MAY-2025,22-MAY-2025,577 m3,PARCIAL
ARGOMEDO_AGUAS_ANDINAS_OFICINA_202506.pdf,Aguas Andinas,,3593,2392231-2,02-JUN-2025,21-JUN-2025,217 m3,PARCIAL
ARGOMEDO_AGUAS_ANDINAS_OFICINA_202507.pdf,Aguas Andinas,,3677,2392231-2,02-JUL-2025,22-JUL-2025,2.16 m3,PARCIAL
ARGOMEDO_AGUAS_ANDINAS_OFICINA_202508.pdf,Aguas Andinas,,3701,2392231-2,02-AGO-2025,21-AGO-2025,2.18 m3,PARCIAL
ARGOMEDO_AGUAS_ANDINAS_QUINCHOS_202008.pdf,Aguas Andinas,,680,2392496-K,02-AGO-2020,24-AGO-2020,0 m3,PARCIAL
ARGOMEDO_AGUAS_ANDINAS_QUINCHOS_202009.pdf,Aguas Andinas,,680,2392496-K,02-SEP-2020,24-SEP-2020,0 m3,PARCIAL
ARGOMEDO_AGUAS_ANDINAS_QUINCHOS_202010.pdf,Aguas Andinas,,680,2392496-K,02-OCT-2020,26-OCT-2020,0 m3,PARCIAL
ARGOMEDO_AGUAS_ANDINAS_QUINCHOS_202011.pdf,Aguas Andinas,,1570,2392496-K,03-NOV-2020,24-NOV-2020,1.00377 m3,PARCIAL
ARGOMEDO_AGUAS_ANDINAS_QUINCHOS_202012.pdf,Aguas Andinas,,1576,2392496-K,03-DIC-2020,24-DIC-2020,1.00377 m3,PARCIAL
ARGOMEDO_AGUAS_ANDINAS_QUINCHOS_202101.pdf,Aguas Andinas,,1556,2392496-K,02-ENE-2021,25-ENE-2021,1 m3,PARCIAL
ARGOMEDO_AGUAS_ANDINAS_QUINCHOS_202102.pdf,Aguas Andinas,,1366,2392496-K,02-FEB-2021,23-FEB-2021,1.00396 m3,PARCIAL
ARGOMEDO_AGUAS_ANDINAS_QUINCHOS_202103.pdf,Aguas Andinas,,664,2392496-K,03-MAR-2021,24-MAR-2021,0 m3,PARCIAL
ARGOMEDO_AGUAS_ANDINAS_QUINCHOS_202104.pdf,Aguas Andinas,,1600,2392496-K,02-ABR-2021,26-ABR-2021,1.00407 m3,PARCIAL
ARGOMEDO_AGUAS_ANDINAS_QUINCHOS_202105.pdf,Aguas Andinas,,684,2392496-K,03-MAY-2021,25-MAY-2021,0 m3,PARCIAL
ARGOMEDO_AGUAS_ANDINAS_QUINCHOS_202106.pdf,Aguas Andinas,,684,2392496-K,03-JUN-2021,23-JUN-2021,0 m3,PARCIAL
ARGOMEDO_AGUAS_ANDINAS_QUINCHOS_202107.pdf,Aguas Andinas,,684,2392496-K,03-JUL-2021,26-JUL-2021,0 m3,PARCIAL
ARGOMEDO_AGUAS_ANDINAS_QUINCHOS_202108.pdf,Aguas Andinas,,684,2392496-K,04-AGO-2021,25-AGO-2021,0 m3,PARCIAL
ARGOMEDO_AGUAS_ANDINAS_QUINCHOS_202109.pdf,Aguas Andinas,,2747,2392496-K,03-SEP-2021,24-SEP-2021,2.15904 m3,PARCIAL
ARGOMEDO_AGUAS_ANDINAS_QUINCHOS_202110.pdf,Aguas Andinas,,1756,2392496-K,04-OCT-2021,25-OCT-2021,1.11467 m3,PARCIAL
ARGOMEDO_AGUAS_ANDINAS_QUINCHOS_202111.pdf,Aguas Andinas,,2833,2392496-K,03-NOV-2021,24-NOV-2021,2.24942 m3,PARCIAL
ARGOMEDO_AGUAS_ANDINAS_QUINCHOS_202112.pdf,Aguas Andinas,,3690,2392496-K,03-DIC-2021,24-DIC-2021,3.001310 m3,PARCIAL
ARGOMEDO_AGUAS_ANDINAS_QUINCHOS_202201.pdf,Aguas Andinas,,2995,2392496-K,02-ENE-2022,25-ENE-2022,23 m3,PARCIAL
ARGOMEDO_AGUAS_ANDINAS_QUINCHOS_202202.pdf,Aguas Andinas,,5077,2392496-K,03-FEB-2022,23-FEB-2022,4.401921 m3,PARCIAL
ARGOMEDO_AGUAS_ANDINAS_QUINCHOS_202203.pdf,Aguas Andinas,,1939,2392496-K,02-MAR-2022,23-MAR-2022,1.16527 m3,PARCIAL
ARGOMEDO_AGUAS_ANDINAS_QUINCHOS_202204.pdf,Aguas Andinas,,3108,2392496-K,02-ABR-2022,25-ABR-2022,2.291042 m3,PARCIAL
ARGOMEDO_AGUAS_ANDINAS_QUINCHOS_202205.pdf,Aguas Andinas,,4287,2392496-K,03-MAY-2022,25-MAY-2022,343 m3,PARCIAL
ARGOMEDO_AGUAS_ANDINAS_QUINCHOS_202206.pdf,Aguas Andinas,,3117,2392496-K,03-JUN-2022,23-JUN-2022,2.191028 m3,PARCIAL
ARGOMEDO_AGUAS_ANDINAS_QUINCHOS_202207.pdf,Aguas Andinas,,1946,2392496-K,04-JUL-2022,25-JUL-2022,1.10516 m3,PARCIAL
ARGOMEDO_AGUAS_ANDINAS_QUINCHOS_202208.pdf,Aguas Andinas,,2015,2392496-K,03-AGO-2022,25-AGO-2022,1.10535 m3,PARCIAL
ARGOMEDO_AGUAS_ANDINAS_QUINCHOS_202209.pdf,Aguas Andinas,,2049,2392496-K,03-SEP-2022,26-SEP-2022,113 m3,PARCIAL
ARGOMEDO_AGUAS_ANDINAS_QUINCHOS_202210.pdf,Aguas Andinas,,3433,2392496-K,03-OCT-2022,24-OCT-2022,226 m3,PARCIAL
ARGOMEDO_AGUAS_ANDINAS_QUINCHOS_202211.pdf,Aguas Andinas,,22948,2392496-K,03-NOV-2022,24-NOV-2022,1908 m3,PARCIAL
ARGOMEDO_AGUAS_ANDINAS_QUINCHOS_202212.pdf,Aguas Andinas,,4872,2392496-K,02-DIC-2022,26-DIC-2022,35 m3,PARCIAL
ARGOMEDO_AGUAS_ANDINAS_QUINCHOS_202301.pdf,Aguas Andinas,,3251,2392496-K,02-ENE-2023,25-ENE-2023,209 m3,PARCIAL
ARGOMEDO_AGUAS_ANDINAS_QUINCHOS_202302.pdf,Aguas Andinas,,2160,2392496-K,02-FEB-2023,22-FEB-2023,114 m3,PARCIAL
ARGOMEDO_AGUAS_ANDINAS_QUINCHOS_202303.pdf,Aguas Andinas,,4814,2392496-K,03-MAR-2023,27-MAR-2023,335 m3,PARCIAL
ARGOMEDO_AGUAS_ANDINAS_QUINCHOS_202304.pdf,Aguas Andinas,,3436,2392496-K,02-ABR-2023,24-ABR-2023,219 m3,PARCIAL
ARGOMEDO_AGUAS_ANDINAS_QUINCHOS_202305.pdf,Aguas Andinas,,3459,2392496-K,03-MAY-2023,25-MAY-2023,221 m3,PARCIAL
ARGOMEDO_AGUAS_ANDINAS_QUINCHOS_202306.pdf,Aguas Andinas,,2107,2392496-K,02-JUN-2023,23-JUN-2023,107 m3,PARCIAL
ARGOMEDO_AGUAS_ANDINAS_QUINCHOS_202307.pdf,Aguas Andinas,,3412,2392496-K,03-JUL-2023,25-JUL-2023,217 m3,PARCIAL
ARGOMEDO_AGUAS_ANDINAS_QUINCHOS_202308.pdf,Aguas Andinas,,2142,2392496-K,02-AGO-2023,24-AGO-2023,11 m3,PARCIAL
ARGOMEDO_AGUAS_ANDINAS_QUINCHOS_202309.pdf,Aguas Andinas,,2071,2392496-K,02-SEP-2023,25-SEP-2023,104 m3,PARCIAL
ARGOMEDO_AGUAS_ANDINAS_QUINCHOS_202310.pdf,Aguas Andinas,,4814,2392496-K,03-OCT-2023,24-OCT-2023,335 m3,PARCIAL
ARGOMEDO_AGUAS_ANDINAS_QUINCHOS_202311.pdf,Aguas Andinas,,2142,2392496-K,03-NOV-2023,24-NOV-2023,11 m3,PARCIAL
ARGOMEDO_AGUAS_ANDINAS_QUINCHOS_202312.pdf,Aguas Andinas,,838,1896693-K,02-DIC-2023,22-DIC-2023,0 m3,PARCIAL
ARGOMEDO_AGUAS_ANDINAS_QUINCHOS_202401.pdf,Aguas Andinas,,3282,2392496-K,02-ENE-2024,23-ENE-2024,206 m3,PARCIAL
ARGOMEDO_AGUAS_ANDINAS_QUINCHOS_202402.pdf,Aguas Andinas,,3654,2392496-K,02-FEB-2024,22-FEB-2024,231 m3,PARCIAL
ARGOMEDO_AGUAS_ANDINAS_QUINCHOS_202403.pdf,Aguas Andinas,,868,1896693-K,02-MAR-2024,21-MAR-2024,0 m3,PARCIAL
ARGOMEDO_AGUAS_ANDINAS_QUINCHOS_202404.pdf,Aguas Andinas,,2181,2392496-K,02-ABR-2024,20-ABR-2024,109 m3,PARCIAL
ARGOMEDO_AGUAS_ANDINAS_QUINCHOS_202405.pdf,Aguas Andinas,,6572,2392496-K,02-MAY-2024,22-MAY-2024,473 m3,PARCIAL
ARGOMEDO_AGUAS_ANDINAS_QUINCHOS_202406.pdf,Aguas Andinas,,3654,2392496-K,02-JUN-2024,21-JUN-2024,231 m3,PARCIAL
ARGOMEDO_AGUAS_ANDINAS_QUINCHOS_202407.pdf,Aguas Andinas,,3665,2392496-K,02-JUL-2024,22-JUL-2024,232 m3,PARCIAL
ARGOMEDO_AGUAS_ANDINAS_QUINCHOS_202408.pdf,Aguas Andinas,,3605,2392496-K,02-AGO-2024,21-AGO-2024,227 m3,PARCIAL
ARGOMEDO_AGUAS_ANDINAS_QUINCHOS_202409.pdf,Aguas Andinas,,2217,2392496-K,02-SEP-2024,21-SEP-2024,112 m3,PARCIAL
ARGOMEDO_AGUAS_ANDINAS_QUINCHOS_202410.pdf,Aguas Andinas,,9405,2392496-K,02-OCT-2024,22-OCT-2024,684 m3,PARCIAL
ARGOMEDO_AGUAS_ANDINAS_QUINCHOS_202411.pdf,Aguas Andinas,,7787,2392496-K,02-NOV-2024,21-NOV-2024,554 m3,PARCIAL
ARGOMEDO_AGUAS_ANDINAS_QUINCHOS_202412.pdf,Aguas Andinas,,2310,2392496-K,02-DIC-2024,21-DIC-2024,114 m3,PARCIAL
ARGOMEDO_AGUAS_ANDINAS_QUINCHOS_202501.pdf,Aguas Andinas,,11110,2392496-K,02-ENE-2025,22-ENE-2025,821 m3,PARCIAL
ARGOMEDO_AGUAS_ANDINAS_QUINCHOS_202502.pdf,Aguas Andinas,,3704,2392496-K,02-FEB-2025,20-FEB-2025,226 m3,PARCIAL
ARGOMEDO_AGUAS_ANDINAS_QUINCHOS_202503.pdf,Aguas Andinas,,3840,2392496-K,03-MAR-2025,21-MAR-2025,237 m3,PARCIAL
ARGOMEDO_AGUAS_ANDINAS_QUINCHOS_202504.pdf,Aguas Andinas,,4015,2392496-K,02-ABR-2025,22-ABR-2025,251 m3,PARCIAL
ARGOMEDO_AGUAS_ANDINAS_QUINCHOS_202505.pdf,Aguas Andinas,,2085,2392496-K,02-MAY-2025,22-MAY-2025,096 m3,PARCIAL
ARGOMEDO_AGUAS_ANDINAS_QUINCHOS_202506.pdf,Aguas Andinas,,3593,2392496-K,02-JUN-2025,21-JUN-2025,217 m3,PARCIAL
ARGOMEDO_AGUAS_ANDINAS_QUINCHOS_202507.pdf,Aguas Andinas,,2298,2392496-K,02-JUL-2025,22-JUL-2025,1.08 m3,PARCIAL
ARGOMEDO_AGUAS_ANDINAS_QUINCHOS_202508.pdf,Aguas Andinas,,2310,2392496-K,02-AGO-2025,21-AGO-2025,1.09 m3,PARCIAL
ARGOMEDO_AGUAS_ANDINAS_SALA_202008.pdf,Aguas Andinas,,4260,2392232-0,02-AGO-2020,24-AGO-2020,4.001511 m3,PARCIAL
ARGOMEDO_AGUAS_ANDINAS_SALA_202009.pdf,Aguas Andinas,,5150,2392232-0,02-SEP-2020,24-SEP-2020,5.001889 m3,PARCIAL
ARGOMEDO_AGUAS_ANDINAS_SALA_202010.pdf,Aguas Andinas,,6050,2392232-0,02-OCT-2020,26-OCT-2020,6.002267 m3,PARCIAL
ARGOMEDO_AGUAS_ANDINAS_SALA_202011.pdf,Aguas Andinas,,7840,2392232-0,03-NOV-2020,24-NOV-2020,8.003023 m3,PARCIAL
ARGOMEDO_AGUAS_ANDINAS_SALA_202012.pdf,Aguas Andinas,,6051,2392232-0,03-DIC-2020,24-DIC-2020,6.002267 m3,PARCIAL
ARGOMEDO_AGUAS_ANDINAS_SALA_202101.pdf,Aguas Andinas,,19437,2392232-0,02-ENE-2021,25-ENE-2021,21 m3,PARCIAL
ARGOMEDO_AGUAS_ANDINAS_SALA_202102.pdf,Aguas Andinas,,10194,2392232-0,02-FEB-2021,23-FEB-2021,11.004366 m3,PARCIAL
ARGOMEDO_AGUAS_ANDINAS_SALA_202103.pdf,Aguas Andinas,,6026,2392232-0,03-MAR-2021,24-MAR-2021,6.002381 m3,PARCIAL
ARGOMEDO_AGUAS_ANDINAS_SALA_202104.pdf,Aguas Andinas,,7101,2392232-0,02-ABR-2021,26-ABR-2021,7.002850 m3,PARCIAL
ARGOMEDO_AGUAS_ANDINAS_SALA_202105.pdf,Aguas Andinas,,8017,2392232-0,03-MAY-2021,25-MAY-2021,8 m3,PARCIAL
ARGOMEDO_AGUAS_ANDINAS_SALA_202106.pdf,Aguas Andinas,,8731,2392232-0,03-JUN-2021,23-JUN-2021,8.743559 m3,PARCIAL
ARGOMEDO_AGUAS_ANDINAS_SALA_202107.pdf,Aguas Andinas,,6807,2392232-0,03-JUL-2021,26-JUL-2021,6.652708 m3,PARCIAL
ARGOMEDO_AGUAS_ANDINAS_SALA_202108.pdf,Aguas Andinas,,6721,2392232-0,04-AGO-2021,25-AGO-2021,6.532659 m3,PARCIAL
ARGOMEDO_AGUAS_ANDINAS_SALA_202109.pdf,Aguas Andinas,,4807,2392232-0,03-SEP-2021,24-SEP-2021,4.311813 m3,PARCIAL
ARGOMEDO_AGUAS_ANDINAS_SALA_202110.pdf,Aguas Andinas,,6010,2392232-0,04-OCT-2021,25-OCT-2021,5.572344 m3,PARCIAL
ARGOMEDO_AGUAS_ANDINAS_SALA_202111.pdf,Aguas Andinas,,4970,2392232-0,03-NOV-2021,24-NOV-2021,4.481885 m3,PARCIAL
ARGOMEDO_AGUAS_ANDINAS_SALA_202112.pdf,Aguas Andinas,,7655,2392232-0,03-DIC-2021,24-DIC-2021,7.003057 m3,PARCIAL
ARGOMEDO_AGUAS_ANDINAS_SALA_202201.pdf,Aguas Andinas,,9845,2392232-0,02-ENE-2022,25-ENE-2022,921 m3,PARCIAL
ARGOMEDO_AGUAS_ANDINAS_SALA_202202.pdf,Aguas Andinas,,8,2392232-0,03-FEB-2022,23-FEB-2022,9.914328 m3,PARCIAL
ARGOMEDO_AGUAS_ANDINAS_SALA_202203.pdf,Aguas Andinas,,,2392232-0,02-MAR-2022,23-MAR-2022,10.474764 m3,PARCIAL
ARGOMEDO_AGUAS_ANDINAS_SALA_202204.pdf,Aguas Andinas,,4,2392232-0,02-ABR-2022,25-ABR-2022,22.9810456 m3,PARCIAL
ARGOMEDO_AGUAS_ANDINAS_SALA_202205.pdf,Aguas Andinas,,22063,2392232-0,03-MAY-2022,25-MAY-2022,2062 m3,PARCIAL
ARGOMEDO_AGUAS_ANDINAS_SALA_202206.pdf,Aguas Andinas,,,2392232-0,03-JUN-2022,23-JUN-2022,15.397225 m3,PARCIAL
ARGOMEDO_AGUAS_ANDINAS_SALA_202207.pdf,Aguas Andinas,,,2392232-0,04-JUL-2022,25-JUL-2022,11.065192 m3,PARCIAL
ARGOMEDO_AGUAS_ANDINAS_SALA_202208.pdf,Aguas Andinas,,2,2392232-0,03-AGO-2022,25-AGO-2022,9.934837 m3,PARCIAL
ARGOMEDO_AGUAS_ANDINAS_SALA_202209.pdf,Aguas Andinas,,14718,2392232-0,03-SEP-2022,26-SEP-2022,1248 m3,PARCIAL
ARGOMEDO_AGUAS_ANDINAS_SALA_202210.pdf,Aguas Andinas,,13921,2392232-0,03-OCT-2022,24-OCT-2022,113 m3,PARCIAL
ARGOMEDO_AGUAS_ANDINAS_SALA_202211.pdf,Aguas Andinas,,17738,2392232-0,03-NOV-2022,24-NOV-2022,1459 m3,PARCIAL
ARGOMEDO_AGUAS_ANDINAS_SALA_202212.pdf,Aguas Andinas,,19804,2392232-0,02-DIC-2022,26-DIC-2022,1637 m3,PARCIAL
ARGOMEDO_AGUAS_ANDINAS_SALA_202301.pdf,Aguas Andinas,,17934,2392232-0,02-ENE-2023,25-ENE-2023,1466 m3,PARCIAL
ARGOMEDO_AGUAS_ANDINAS_SALA_202302.pdf,Aguas Andinas,,2,2392232-0,02-FEB-2023,22-FEB-2023,1839 m3,PARCIAL
ARGOMEDO_AGUAS_ANDINAS_SALA_202303.pdf,Aguas Andinas,,20741,2392232-0,03-MAR-2023,27-MAR-2023,1677 m3,PARCIAL
ARGOMEDO_AGUAS_ANDINAS_SALA_202304.pdf,Aguas Andinas,,20350,2392232-0,02-ABR-2023,24-ABR-2023,1644 m3,PARCIAL
ARGOMEDO_AGUAS_ANDINAS_SALA_202305.pdf,Aguas Andinas,,25822,2392232-0,03-MAY-2023,25-MAY-2023,2105 m3,PARCIAL
ARGOMEDO_AGUAS_ANDINAS_SALA_202306.pdf,Aguas Andinas,,47971,2392232-0,02-JUN-2023,23-JUN-2023,3971 m3,PARCIAL
ARGOMEDO_AGUAS_ANDINAS_SALA_202307.pdf,Aguas Andinas,,42226,2392232-0,03-JUL-2023,25-JUL-2023,3487 m3,PARCIAL
ARGOMEDO_AGUAS_ANDINAS_SALA_202308.pdf,Aguas Andinas,,33607,2392232-0,02-AGO-2023,24-AGO-2023,2761 m3,PARCIAL
ARGOMEDO_AGUAS_ANDINAS_SALA_202309.pdf,Aguas Andinas,,28518,2392232-0,02-SEP-2023,25-SEP-2023,2815 m3,PARCIAL
ARGOMEDO_AGUAS_ANDINAS_SALA_202310.pdf,Aguas Andinas,,38000,2392232-0,03-OCT-2023,24-OCT-2023,3131 m3,PARCIAL
ARGOMEDO_AGUAS_ANDINAS_SALA_202311.pdf,Aguas Andinas,,32361,2392232-0,03-NOV-2023,24-NOV-2023,2656 m3,PARCIAL
ARGOMEDO_AGUAS_ANDINAS_SALA_202312.pdf,Aguas Andinas,,33762,2392232-0,02-DIC-2023,22-DIC-2023,2774 m3,PARCIAL
ARGOMEDO_AGUAS_ANDINAS_SALA_202401.pdf,Aguas Andinas,,31434,2392232-0,02-ENE-2024,23-ENE-2024,2578 m3,PARCIAL
ARGOMEDO_AGUAS_ANDINAS_SALA_202402.pdf,Aguas Andinas,,38635,2392232-0,02-FEB-2024,22-FEB-2024,3131 m3,PARCIAL
ARGOMEDO_AGUAS_ANDINAS_SALA_202403.pdf,Aguas Andinas,,17199,1896540-2,02-MAR-2024,21-MAR-2024,1354 m3,PARCIAL
ARGOMEDO_AGUAS_ANDINAS_SALA_202404.pdf,Aguas Andinas,,39226,2392232-0,02-ABR-2024,20-ABR-2024,318 m3,PARCIAL
ARGOMEDO_AGUAS_ANDINAS_SALA_202405.pdf,Aguas Andinas,,36571,2392232-0,02-MAY-2024,22-MAY-2024,296 m3,PARCIAL
ARGOMEDO_AGUAS_ANDINAS_SALA_202406.pdf,Aguas Andinas,,27345,2392232-0,02-JUN-2024,21-JUN-2024,2195 m3,PARCIAL
ARGOMEDO_AGUAS_ANDINAS_SALA_202407.pdf,Aguas Andinas,,34558,2392232-0,02-JUL-2024,22-JUL-2024,2793 m3,PARCIAL
ARGOMEDO_AGUAS_ANDINAS_SALA_202408.pdf,Aguas Andinas,,33785,2392232-0,02-AGO-2024,21-AGO-2024,2729 m3,PARCIAL
ARGOMEDO_AGUAS_ANDINAS_SALA_202409.pdf,Aguas Andinas,,32180,2392232-0,02-SEP-2024,21-SEP-2024,2596 m3,PARCIAL
ARGOMEDO_AGUAS_ANDINAS_SALA_202410.pdf,Aguas Andinas,,36403,2392232-0,02-OCT-2024,22-OCT-2024,2853 m3,PARCIAL
ARGOMEDO_AGUAS_ANDINAS_SALA_202411.pdf,Aguas Andinas,,36777,2392232-0,02-NOV-2024,21-NOV-2024,2883 m3,PARCIAL
ARGOMEDO_AGUAS_ANDINAS_SALA_202412.pdf,Aguas Andinas,,34948,2392232-0,02-DIC-2024,21-DIC-2024,2736 m3,PARCIAL
ARGOMEDO_AGUAS_ANDINAS_SALA_202501.pdf,Aguas Andinas,,28997,2392232-0,02-ENE-2025,22-ENE-2025,2258 m3,PARCIAL
ARGOMEDO_AGUAS_ANDINAS_SALA_202502.pdf,Aguas Andinas,,36080,2392232-0,02-FEB-2025,20-FEB-2025,2827 m3,PARCIAL
ARGOMEDO_AGUAS_ANDINAS_SALA_202503.pdf,Aguas Andinas,,30416,2392232-0,03-MAR-2025,21-MAR-2025,2372 m3,PARCIAL
ARGOMEDO_AGUAS_ANDINAS_SALA_202504.pdf,Aguas Andinas,,36939,2392232-0,02-ABR-2025,22-ABR-2025,2896 m3,PARCIAL
ARGOMEDO_AGUAS_ANDINAS_SALA_202505.pdf,Aguas Andinas,,23644,2392232-0,02-MAY-2025,22-MAY-2025,1828 m3,PARCIAL
ARGOMEDO_AGUAS_ANDINAS_SALA_202506.pdf,Aguas Andinas,,36118,2392232-0,02-JUN-2025,21-JUN-2025,283 m3,PARCIAL
ARGOMEDO_AGUAS_ANDINAS_SALA_202507.pdf,Aguas Andinas,,25816,2392232-0,02-JUL-2025,22-JUL-2025,19.5 m3,PARCIAL
ARGOMEDO_AGUAS_ANDINAS_SALA_202508.pdf,Aguas Andinas,,33042,2392232-0,02-AGO-2025,21-AGO-2025,25.16 m3,PARCIAL
ARGOMEDO_ENEL_202001.pdf,Enel,,,,,,,PARCIAL
ARGOMEDO_ENEL_202002.pdf,Enel,,,,,,,PARCIAL
ARGOMEDO_ENEL_202003.pdf,Enel,,,,,,,PARCIAL
ARGOMEDO_ENEL_202004.pdf,Enel,,,,,,,PARCIAL
ARGOMEDO_ENEL_202005.pdf,Enel,,,,,,,PARCIAL
ARGOMEDO_ENEL_202006.pdf,Enel,,,,,,,PARCIAL
ARGOMEDO_ENEL_202007.pdf,Enel,,,,,,,PARCIAL
ARGOMEDO_ENEL_202008.pdf,Enel,,,,,,,PARCIAL
ARGOMEDO_ENEL_202009.pdf,Enel,,,,,,,PARCIAL
ARGOMEDO_ENEL_202010.pdf,Enel,,,,,,,PARCIAL
ARGOMEDO_ENEL_202011.pdf,Enel,,,,,,,PARCIAL
ARGOMEDO_ENEL_202012.pdf,Enel,,,,,,,PARCIAL
ARGOMEDO_ENEL_202101.pdf,Enel,,,,,,,PARCIAL
ARGOMEDO_ENEL_202102.pdf,Enel,,,,,,,PARCIAL
ARGOMEDO_ENEL_202103.pdf,Enel,,,,,,,PARCIAL
ARGOMEDO_ENEL_202104.pdf,Enel,,,,,,,PARCIAL
ARGOMEDO_ENEL_202105.pdf,Enel,,,,,,,PARCIAL
ARGOMEDO_ENEL_202106.pdf,Enel,,,,,,,PARCIAL
ARGOMEDO_ENEL_202107.pdf,Enel,,,,,,,PARCIAL
ARGOMEDO_ENEL_202108.pdf,Enel,,,,,,,PARCIAL
ARGOMEDO_ENEL_202109.pdf,Enel,,14,2995940,02 Oct 2021,20 Oct 2021,12480 kWh,PARCIAL
ARGOMEDO_ENEL_202110.pdf,Enel,,14,2995940,31 Oct 2021,18 Nov 2021,12360 kWh,PARCIAL
ARGOMEDO_ENEL_202111.pdf,Enel,,14,2995940,25 Nov 2021,14 Dic 2021,12000 kWh,PARCIAL
ARGOMEDO_ENEL_202112.pdf,Enel,,13,2995940,21 Dic 2021,06 Ene 2022,11220 kWh,PARCIAL
ARGOMEDO_ENEL_202201.pdf,Enel,,14,2995940,19 Ene 2022,07 Feb 2022,11520 kWh,PARCIAL
ARGOMEDO_ENEL_202202.pdf,Enel,,14,2995940,17 Feb 2022,04 Mar 2022,11820 kWh,PARCIAL
ARGOMEDO_ENEL_202203.pdf,Enel,,13,2995940,17 Mar 2022,01 Abr 2022,10860 kWh,PARCIAL
ARGOMEDO_ENEL_202204.pdf,Enel,,13,2995940,20 Abr 2022,05 May 2022,11460 kWh,PARCIAL
ARGOMEDO_ENEL_202205.pdf,Enel,,14,2995940,18 May 2022,02 Jun 2022,11700 kWh,PARCIAL
ARGOMEDO_ENEL_202206.pdf,Enel,,15,2995940,17 Jun 2022,06 Jul 2022,13080 kWh,PARCIAL
ARGOMEDO_ENEL_202207.pdf,Enel,,16,2995940,19 Jul 2022,03 Ago 2022,12900 kWh,PARCIAL
ARGOMEDO_ENEL_202208.pdf,Enel,,15,2995940,18 Ago 2022,02 Sep 2022,12480 kWh,PARCIAL
ARGOMEDO_ENEL_202209.pdf,Enel,,16,2995940,20 Sep 2022,05 Oct 2022,13080 kWh,PARCIAL
ARGOMEDO_ENEL_202210.pdf,Enel,,15,2995940,19 Oct 2022,07 Nov 2022,12240 kWh,PARCIAL
ARGOMEDO_ENEL_202211.pdf,Enel,,15,2995940,18 Nov 2022,05 Dic 2022,12660 kWh,PARCIAL
ARGOMEDO_ENEL_202212.pdf,Enel,290984009,15,2995940,20 Dic 2022,05 Ene 2023,12120 kWh,OK
ARGOMEDO_ENEL_202301.pdf,Enel,292881113,15,2995940,19 Ene 2023,03 Feb 2023,12300 kWh,OK
ARGOMEDO_ENEL_202302.pdf,Enel,294822331,13,2995940,17 Feb 2023,06 Mar 2023,9480 kWh,OK
ARGOMEDO_ENEL_202303.pdf,Enel,296614206,12,2995940,17 Mar 2023,03 Abr 2023,8940 kWh,OK
ARGOMEDO_ENEL_202304.pdf,Enel,298474795,16,2995940,18 Abr 2023,04 May 2023,10440 kWh,OK
ARGOMEDO_ENEL_202305.pdf,Enel,300349818,17,2995940,18 May 2023,02 Jun 2023,11340 kWh,OK
ARGOMEDO_ENEL_202306.pdf,Enel,302191995,15,2995940,17 Jun 2023,05 Jul 2023,10260 kWh,OK
ARGOMEDO_ENEL_202307.pdf,Enel,304040772,16,2995940,19 Jul 2023,03 Ago 2023,10680 kWh,OK
ARGOMEDO_ENEL_202308.pdf,Enel,305860470,16,2995940,18 Ago 2023,04 Sep 2023,11220 kWh,OK
ARGOMEDO_ENEL_202309.pdf,Enel,307785688,16,,21 Sep 2023,06 Oct 2023,11340 kWh,PARCIAL
ARGOMEDO_ENEL_202310.pdf,Enel,309652175,16,,19 Oct 2023,07 Nov 2023,10980 kWh,PARCIAL
ARGOMEDO_ENEL_202311.pdf,Enel,311510606,15,,20 Nov 2023,05 Dic 2023,10020 kWh,PARCIAL
ARGOMEDO_ENEL_202312.pdf,Enel,313369583,15,,19 Dic 2023,05 Ene 2024,9840 kWh,PARCIAL
ARGOMEDO_ENEL_202401.pdf,Enel,315218862,15,,18 Ene 2024,02 Feb 2024,10020 kWh,PARCIAL
ARGOMEDO_ENEL_202402.pdf,Enel,317108607,14,,19 Feb 2024,05 Mar 2024,9360 kWh,PARCIAL
ARGOMEDO_ENEL_202403.pdf,Enel,318967273,14,,19 Mar 2024,04 Abr 2024,8880 kWh,PARCIAL
ARGOMEDO_ENEL_202404.pdf,Enel,320801927,14,,17 Abr 2024,03 May 2024,9120 kWh,PARCIAL
ARGOMEDO_ENEL_202405.pdf,Enel,322696920,16,,17 May 2024,05 Jun 2024,11220 kWh,PARCIAL
ARGOMEDO_ENEL_202406.pdf,Enel,324590570,16,,18 Jun 2024,05 Jul 2024,11100 kWh,PARCIAL
ARGOMEDO_ENEL_202407.pdf,Enel,326484281,22,,18 Jul 2024,02 Ago 2024,11400 kWh,PARCIAL
ARGOMEDO_ENEL_202408.pdf,Enel,328362033,20,,20 Ago 2024,04 Sep 2024,10440 kWh,PARCIAL
ARGOMEDO_ENEL_202409.pdf,Enel,330280744,20,,16 Sep 2024,04 Oct 2024,10140 kWh,PARCIAL
ARGOMEDO_ENEL_202410.pdf,Enel,,,,,,,PARCIAL
ARGOMEDO_ENEL_202411.pdf,Enel,334082413,21,,20 Nov 2024,05 Dic 2024,9840 kWh,PARCIAL
ARGOMEDO_ENEL_202412.pdf,Enel,336013140,19,,18 Dic 2024,06 Ene 2025,8880 kWh,PARCIAL
ARGOMEDO_ENEL_202501.pdf,Enel,337940054,22,,20 Ene 2025,04 Feb 2025,10740 kWh,PARCIAL
ARGOMEDO_ENEL_202502.pdf,Enel,339850574,20,,19 Feb 2025,06 Mar 2025,9780 kWh,PARCIAL
ARGOMEDO_ENEL_202503.pdf,Enel,341754024,16,,19 Mar 2025,03 Abr 2025,7260 kWh,PARCIAL
ARGOMEDO_ENEL_202504.pdf,Enel,343684167,20,,17 Abr 2025,06 May 2025,9780 kWh,PARCIAL
ARGOMEDO_ENEL_202505.pdf,Enel,345589484,20,,20 May 2025,05 Jun 2025,9960 kWh,PARCIAL
ARGOMEDO_ENEL_202506.pdf,Enel,347500644,21,,18 Jun 2025,04 Jul 2025,10140 kWh,PARCIAL
ARGOMEDO_ENEL_202507.pdf,Enel,349412638,19,,17 Jul 2025,01 Ago 2025,,PARCIAL
ARGOMEDO_METROGAS_202008.pdf,Metrogas,27034913,45,,,,,PARCIAL
ARGOMEDO_METROGAS_202009.pdf,Metrogas,27542608,49,,,,,PARCIAL
ARGOMEDO_METROGAS_202010.pdf,Metrogas,28035074,38,,,,,PARCIAL
ARGOMEDO_METROGAS_202011.pdf,Metrogas,28546450,31,,,,,PARCIAL
ARGOMEDO_METROGAS_202012.pdf,Metrogas,29035823,24,,,,,PARCIAL
ARGOMEDO_METROGAS_202101.pdf,Metrogas,29557761,19,,,,,PARCIAL
ARGOMEDO_METROGAS_202102.pdf,Metrogas,30081290,18,,,,,PARCIAL
ARGOMEDO_METROGAS_202103.pdf,Metrogas,30594538,17,,,,,PARCIAL
ARGOMEDO_METROGAS_202104.pdf,Metrogas,,,,,,,PARCIAL
ARGOMEDO_METROGAS_202105.pdf,Metrogas,31604797,33,,,,,PARCIAL
ARGOMEDO_METROGAS_202106.pdf,Metrogas,32145197,46,,,,,PARCIAL
ARGOMEDO_METROGAS_202107.pdf,Metrogas,32659028,43,,,,,PARCIAL
ARGOMEDO_METROGAS_202108.pdf,Metrogas,33162584,51,,,,,PARCIAL
ARGOMEDO_METROGAS_202109.pdf,Metrogas,33680023,47,,,,,PARCIAL
ARGOMEDO_METROGAS_202110.pdf,Metrogas,34210859,49,,,,,PARCIAL
ARGOMEDO_METROGAS_202111.pdf,Metrogas,34703482,46,,,,,PARCIAL
ARGOMEDO_METROGAS_202112.pdf,Metrogas,35218639,35,,,,,PARCIAL
ARGOMEDO_METROGAS_202201.pdf,Metrogas,35718914,29,,,,,PARCIAL
ARGOMEDO_METROGAS_202202.pdf,Metrogas,36240199,21,,,,,PARCIAL
ARGOMEDO_METROGAS_202203.pdf,Metrogas,36738190,19,,,,,PARCIAL
ARGOMEDO_METROGAS_202204.pdf,Metrogas,37250563,20,,,,,PARCIAL
ARGOMEDO_METROGAS_202205.pdf,Metrogas,,,,,,,PARCIAL
ARGOMEDO_METROGAS_202206.pdf,Metrogas,,,,,,,PARCIAL
ARGOMEDO_METROGAS_202207.pdf,Metrogas,,,,,,,PARCIAL
ARGOMEDO_METROGAS_202208.pdf,Metrogas,,,,,,,PARCIAL
ARGOMEDO_METROGAS_202209.pdf,Metrogas,39874186,72,,,,,PARCIAL
ARGOMEDO_METROGAS_202210.pdf,Metrogas,,,,,,,PARCIAL
ARGOMEDO_METROGAS_202211.pdf,Metrogas,40880954,59,,,,,PARCIAL
ARGOMEDO_METROGAS_202212.pdf,Metrogas,41423519,58,,,,,PARCIAL
ARGOMEDO_METROGAS_202301.pdf,Metrogas,,,,,,,PARCIAL
ARGOMEDO_METROGAS_202302.pdf,Metrogas,,,,,,,PARCIAL
ARGOMEDO_METROGAS_202303.pdf,Metrogas,42968522,17,,,,,PARCIAL
ARGOMEDO_METROGAS_202304.pdf,Metrogas,43495141,24,,,,,PARCIAL
ARGOMEDO_METROGAS_202305.pdf,Metrogas,43975382,37,,,,,PARCIAL
ARGOMEDO_METROGAS_202306.pdf,Metrogas,44575216,57,,,,,PARCIAL
ARGOMEDO_METROGAS_202307.pdf,Metrogas,45079448,65,,,,,PARCIAL
ARGOMEDO_METROGAS_202308.pdf,Metrogas,45630864,63,,,,,PARCIAL
ARGOMEDO_METROGAS_202309.pdf,Metrogas,46133532,59,,,,,PARCIAL
ARGOMEDO_METROGAS_202310.pdf,Metrogas,46669911,64,,,,,PARCIAL
ARGOMEDO_METROGAS_202311.pdf,Metrogas,47192612,53,,,,,PARCIAL
ARGOMEDO_METROGAS_202312.pdf,Metrogas,47685748,57,,,,,PARCIAL
ARGOMEDO_METROGAS_202401.pdf,Metrogas,48192740,52,,,,,PARCIAL
ARGOMEDO_METROGAS_202402.pdf,Metrogas,48727161,39,,,,,PARCIAL
ARGOMEDO_METROGAS_202403.pdf,Metrogas,49237362,38,,,,,PARCIAL
ARGOMEDO_METROGAS_202404.pdf,Metrogas,49756035,49,,,,,PARCIAL
ARGOMEDO_METROGAS_202405.pdf,Metrogas,50260113,50,,,,,PARCIAL
ARGOMEDO_METROGAS_202406.pdf,Metrogas,51804991,82,,,,,PARCIAL
ARGOMEDO_METROGAS_202407.pdf,Metrogas,52313095,83,,,,,PARCIAL
ARGOMEDO_METROGAS_202408.pdf,Metrogas,52793534,67,,,,,PARCIAL
ARGOMEDO_METROGAS_202409.pdf,Metrogas,,,,,,,PARCIAL
ARGOMEDO_METROGAS_202410.pdf,Metrogas,,,,,,,PARCIAL
ARGOMEDO_METROGAS_202411.pdf,Metrogas,54274905,61,,,,,PARCIAL
ARGOMEDO_METROGAS_202412.pdf,Metrogas,54773413,55,,,,,PARCIAL
ARGOMEDO_METROGAS_202501.pdf,Metrogas,55274243,44,,,,,PARCIAL
ARGOMEDO_METROGAS_202502.pdf,Metrogas,55774955,38,,,,,PARCIAL
ARGOMEDO_METROGAS_202503.pdf,Metrogas,56267098,40,,,,,PARCIAL
ARGOMEDO_METROGAS_202504.pdf,Metrogas,56764550,40,,,,,PARCIAL
ARGOMEDO_METROGAS_202505.pdf,Metrogas,57272492,54,,,,,PARCIAL
ARGOMEDO_METROGAS_202506.pdf,Metrogas,57824116,69,,,,,PARCIAL
ARGOMEDO_METROGAS_202507.pdf,Metrogas,58308245,68,,,,,PARCIAL
